[
    {
        "id": 45,
        "name": "Abrupt Decay",
        "set": "Return To Ravnica",
        "count": 1
    },
    {
        "id": 6,
        "name": "Alesha, Who Smiles at Death",
        "set": "Fate Reforged",
        "count": 2
    },
    {
        "id": 117,
        "name": "Anafenza, Kin-Tree Spirit",
        "set": "Dragons of Tarkir",
        "count": 1
    },
    {
        "id": 14,
        "name": "Ancestral Vengeance",
        "set": "Fate Reforged",
        "count": 1
    },
    {
        "id": 192,
        "name": "Angel of Glory's Rise",
        "set": "Avacyn Restored",
        "count": 1
    },
    {
        "id": 53,
        "name": "Angel of Serenity",
        "set": "Return To Ravnica",
        "count": 1
    },
    {
        "id": 186,
        "name": "Angel's Mercy",
        "set": "Avacyn Restored",
        "count": 1,
        "foil": "Y"
    },
    {
        "id": 154,
        "name": "Angelic Skirmisher",
        "set": "Gatecrash",
        "count": 1
    },
    {
        "id": 115,
        "name": "Arashin Foremost",
        "set": "Dragons of Tarkir",
        "count": 1
    },
    {
        "id": 102,
        "name": "Arashin Sovereign",
        "set": "Dragons of Tarkir",
        "count": 1
    },
    {
        "id": 37,
        "name": "Arcbond",
        "set": "Fate Reforged",
        "count": 1
    },
    {
        "id": 5,
        "name": "Archers of Qarsi",
        "set": "Fate Reforged",
        "count": 1,
        "foil": "Y"
    },
    {
        "id": 22,
        "name": "Archfiend of Depravity",
        "set": "Fate Reforged",
        "count": 1
    },
    {
        "id": 63,
        "name": "Archon of the Triumvirate",
        "set": "Return To Ravnica",
        "count": 1
    },
    {
        "id": 56,
        "name": "Armada Wurm",
        "set": "Return To Ravnica",
        "count": 1
    },
    {
        "id": 112,
        "name": "Assault Formation",
        "set": "Dragons of Tarkir",
        "count": 1
    },
    {
        "id": 156,
        "name": "Assemble the Legion",
        "set": "Gatecrash",
        "count": 1
    },
    {
        "id": 132,
        "name": "Aurelia, the Warleader",
        "set": "Gatecrash",
        "count": 1
    },
    {
        "id": 165,
        "name": "Avacyn, Angel of Hope",
        "set": "Avacyn Restored",
        "count": 1
    },
    {
        "id": 95,
        "name": "Avatar of the Resolute",
        "set": "Dragons of Tarkir",
        "count": 1
    },
    {
        "id": 83,
        "name": "Azorius Guildgate",
        "set": "Return To Ravnica",
        "count": 1,
        "foil": "Y"
    },
    {
        "id": 100,
        "name": "Blessed Reincarnation",
        "set": "Dragons of Tarkir",
        "count": 1
    },
    {
        "id": 153,
        "name": "Blind Obedience",
        "set": "Gatecrash",
        "count": 1
    },
    {
        "id": 134,
        "name": "Breeding Pool",
        "set": "Gatecrash",
        "count": 1
    },
    {
        "id": 34,
        "name": "Brutal Hordechief",
        "set": "Fate Reforged",
        "count": 1
    },
    {
        "id": 191,
        "name": "Burn at the Stake",
        "set": "Avacyn Restored",
        "count": 1
    },
    {
        "id": 82,
        "name": "Call of the Conclave",
        "set": "Return To Ravnica",
        "count": 1,
        "foil": "Y"
    },
    {
        "id": 79,
        "name": "Chaos Imps",
        "set": "Return To Ravnica",
        "count": 1
    },
    {
        "id": 173,
        "name": "Captain of the Mists",
        "set": "Avacyn Restored",
        "count": 1
    },
    {
        "id": 84,
        "name": "Carnival Hellsteed",
        "set": "Return To Ravnica",
        "count": 1
    },
    {
        "id": 179,
        "name": "Cathars' Crusade",
        "set": "Avacyn Restored",
        "count": 1
    },
    {
        "id": 61,
        "name": "Chemister's Trick",
        "set": "Return To Ravnica",
        "count": 1,
        "foil": "Y"
    },
    {
        "id": 46,
        "name": "Chromatic Lantern",
        "set": "Return To Ravnica",
        "count": 1
    },
    {
        "id": 32,
        "name": "Citadel Siege",
        "set": "Fate Reforged",
        "count": 1
    },
    {
        "id": 162,
        "name": "Clan Defiance",
        "set": "Gatecrash",
        "count": 1
    },
    {
        "id": 86,
        "name": "Commune with Lava",
        "set": "Return To Ravnica",
        "count": 1
    },
    {
        "id": 60,
        "name": "Conjured Currency",
        "set": "Return To Ravnica",
        "count": 1
    },
    {
        "id": 75,
        "name": "Corpsejack Menace",
        "set": "Return To Ravnica",
        "count": 1
    },
    {
        "id": 47,
        "name": "Counterflux",
        "set": "Return To Ravnica",
        "count": 1
    },
    {
        "id": 98,
        "name": "Crater Elemental",
        "set": "Dragons of Tarkir",
        "count": 1
    },
    {
        "id": 166,
        "name": "Craterhoof Behemoth",
        "set": "Avacyn Restored",
        "count": 1
    },
    {
        "id": 24,
        "name": "Crux of Fate",
        "set": "Fate Reforged",
        "count": 1
    },
    {
        "id": 65,
        "name": "Cyclonic Rift",
        "set": "Return To Ravnica",
        "count": 1
    },
    {
        "id": 26,
        "name": "Daghatar the Adamant",
        "set": "Fate Reforged",
        "count": 1
    },
    {
        "id": 198,
        "name": "Dark Impostor",
        "set": "Avacyn Restored",
        "count": 1
    },
    {
        "id": 74,
        "name": "Dreadbore",
        "set": "Return To Ravnica",
        "count": 1
    },
    {
        "id": 59,
        "name": "Deadbridge Goliath",
        "set": "Return To Ravnica",
        "count": 1
    },
    {
        "id": 64,
        "name": "Death's Presence",
        "set": "Return To Ravnica",
        "count": 1
    },
    {
        "id": 107,
        "name": "Deathbringer Regent",
        "set": "Dragons of Tarkir",
        "count": 1
    },
    {
        "id": 41,
        "name": "Deathrite Shaman",
        "set": "Return To Ravnica",
        "count": 1
    },
    {
        "id": 103,
        "name": "Den Protector",
        "set": "Dragons of Tarkir",
        "count": 1
    },
    {
        "id": 49,
        "name": "Desecration Demon",
        "set": "Return To Ravnica",
        "count": 1
    },
    {
        "id": 133,
        "name": "Domri Rade",
        "set": "Gatecrash",
        "count": 1
    },
    {
        "id": 87,
        "name": "Dragon Tempest",
        "set": "Return To Ravnica",
        "count": 1
    },
    {
        "id": 97,
        "name": "Dragonlord Dromoka",
        "set": "Dragons of Tarkir",
        "count": 1
    },
    {
        "id": 116,
        "name": "Dragonlord's Prerogative",
        "set": "Dragons of Tarkir",
        "count": 1,
        "foil": "Y"
    },
    {
        "id": 28,
        "name": "Dragonscale General",
        "set": "Fate Reforged",
        "count": 1
    },
    {
        "id": 31,
        "name": "Dromoka, the Eternal",
        "set": "Fate Reforged",
        "count": 1
    },
    {
        "id": 89,
        "name": "Dromoka's Command",
        "set": "Return To Ravnica",
        "count": 1
    },
    {
        "id": 172,
        "name": "Druids' Repository",
        "set": "Avacyn Restored",
        "count": 1
    },
    {
        "id": 171,
        "name": "Dual Casting",
        "set": "Avacyn Restored",
        "count": 1
    },
    {
        "id": 130,
        "name": "Duskmantle Seer",
        "set": "Gatecrash",
        "count": 1
    },
    {
        "id": 10,
        "name": "Elite Scaleguard",
        "set": "Fate Reforged",
        "count": 1,
        "foil": "Y"
    },
    {
        "id": 193,
        "name": "Exquisite Blood",
        "set": "Avacyn Restored",
        "count": 1
    },
    {
        "id": 4,
        "name": "Flamerush Rider",
        "set": "Fate Reforged",
        "count": 1
    },
    {
        "id": 145,
        "name": "Fathom Mage",
        "set": "Gatecrash",
        "count": 1
    },
    {
        "id": 159,
        "name": "Five-Alarm Fire",
        "set": "Gatecrash",
        "count": 1
    },
    {
        "id": 35,
        "name": "Flamewake Phoenix",
        "set": "Fate Reforged",
        "count": 1
    },
    {
        "id": 93,
        "name": "Foul Renewal",
        "set": "Dragons of Tarkir",
        "count": 1
    },
    {
        "id": 151,
        "name": "Foundry Champion",
        "set": "Gatecrash",
        "count": 1
    },
    {
        "id": 39,
        "name": "Frontier Siege",
        "set": "Fate Reforged",
        "count": 1
    },
    {
        "id": 163,
        "name": "Frontline Medic",
        "set": "Gatecrash",
        "count": 1
    },
    {
        "id": 182,
        "name": "Gallows at Willow Hill",
        "set": "Avacyn Restored",
        "count": 1
    },
    {
        "id": 129,
        "name": "Giant Adephage",
        "set": "Gatecrash",
        "count": 1
    },
    {
        "id": 164,
        "name": "Gisela, Blade of Goldnight",
        "set": "Avacyn Restored",
        "count": 1
    },
    {
        "id": 155,
        "name": "Glaring Spotlight",
        "set": "Gatecrash",
        "count": 1
    },
    {
        "id": 174,
        "name": "Gloom Surgeon",
        "set": "Avacyn Restored",
        "count": 1
    },
    {
        "id": 62,
        "name": "Grave Betrayal",
        "set": "Return To Ravnica",
        "count": 1
    },
    {
        "id": 57,
        "name": "Growing Ranks",
        "set": "Return To Ravnica",
        "count": 1
    },
    {
        "id": 161,
        "name": "Gyre Sage",
        "set": "Gatecrash",
        "count": 1
    },
    {
        "id": 113,
        "name": "Harbinger of the Hunt",
        "set": "Dragons of Tarkir",
        "count": 1
    },
    {
        "id": 175,
        "name": "Harvester of Souls",
        "set": "Avacyn Restored",
        "count": 1
    },
    {
        "id": 85,
        "name": "Haven of the Spirit Dragon",
        "set": "Return To Ravnica",
        "count": 2
    },
    {
        "id": 120,
        "name": "Haven of the Spirit Dragon",
        "set": "Dragons of Tarkir",
        "count": 1,
        "foil": "Y"
    },
    {
        "id": 52,
        "name": "Havoc Festival",
        "set": "Return To Ravnica",
        "count": 1
    },
    {
        "id": 108,
        "name": "Hedonist's Trove",
        "set": "Dragons of Tarkir",
        "count": 1
    },
    {
        "id": 197,
        "name": "Herald of War",
        "set": "Avacyn Restored",
        "count": 1
    },
    {
        "id": 109,
        "name": "Hidden Dragonslayer",
        "set": "Dragons of Tarkir",
        "count": 1
    },
    {
        "id": 146,
        "name": "High Priest of Penance",
        "set": "Gatecrash",
        "count": 1
    },
    {
        "id": 1,
        "name": "Humble Defector",
        "set": "Fate Reforged",
        "count": 1,
        "foil": "Y"
    },
    {
        "id": 128,
        "name": "Hydroform",
        "set": "Gatecrash",
        "count": 1,
        "foil": "Y"
    },
    {
        "id": 105,
        "name": "Icefall Regent",
        "set": "Dragons of Tarkir",
        "count": 1
    },
    {
        "id": 139,
        "name": "Illusionist's Bracers",
        "set": "Gatecrash",
        "count": 1
    },
    {
        "id": 94,
        "name": "Illusory Gains",
        "set": "Dragons of Tarkir",
        "count": 1
    },
    {
        "id": 158,
        "name": "Immortal Servitude",
        "set": "Gatecrash",
        "count": 1
    },
    {
        "id": 76,
        "name": "Inaction Injunction",
        "set": "Return To Ravnica",
        "count": 1,
        "foil": "Y"
    },
    {
        "id": 42,
        "name": "Jarad's Orders",
        "set": "Return To Ravnica",
        "count": 1
    },
    {
        "id": 12,
        "name": "Jeskai Infiltrator",
        "set": "Fate Reforged",
        "count": 1
    },
    {
        "id": 185,
        "name": "Killing Wave",
        "set": "Avacyn Restored",
        "count": 1
    },
    {
        "id": 90,
        "name": "Kolaghan's Command",
        "set": "Return To Ravnica",
        "count": 1
    },
    {
        "id": 127,
        "name": "Last Thoughts",
        "set": "Gatecrash",
        "count": 1,
        "foil": "Y"
    },
    {
        "id": 125,
        "name": "Legion Loyalist",
        "set": "Gatecrash",
        "count": 1,
        "foil": "Y"
    },
    {
        "id": 152,
        "name": "Legion Loyalist",
        "set": "Gatecrash",
        "count": 1
    },
    {
        "id": 110,
        "name": "Living Lore",
        "set": "Dragons of Tarkir",
        "count": 1
    },
    {
        "id": 72,
        "name": "Lotleth Troll",
        "set": "Return To Ravnica",
        "count": 1
    },
    {
        "id": 68,
        "name": "Loxodon Smiter",
        "set": "Return To Ravnica",
        "count": 1
    },
    {
        "id": 190,
        "name": "Malignus",
        "set": "Avacyn Restored",
        "count": 1
    },
    {
        "id": 36,
        "name": "Mardu Strike Leader",
        "set": "Fate Reforged",
        "count": 1
    },
    {
        "id": 23,
        "name": "Mastery of the Unseen",
        "set": "Fate Reforged",
        "count": 1
    },
    {
        "id": 137,
        "name": "Merciless Eviction",
        "set": "Gatecrash",
        "count": 1
    },
    {
        "id": 50,
        "name": "Mercurial Chemister",
        "set": "Return To Ravnica",
        "count": 1
    },
    {
        "id": 66,
        "name": "Mizzium Mortars",
        "set": "Return To Ravnica",
        "count": 1
    },
    {
        "id": 40,
        "name": "Mob Rule",
        "set": "Fate Reforged",
        "count": 1
    },
    {
        "id": 140,
        "name": "Molten Primordial",
        "set": "Gatecrash",
        "count": 1
    },
    {
        "id": 17,
        "name": "Monastery Siege",
        "set": "Fate Reforged",
        "count": 1
    },
    {
        "id": 181,
        "name": "Moonsilver Spear",
        "set": "Avacyn Restored",
        "count": 1
    },
    {
        "id": 121,
        "name": "Mountain",
        "set": "Gatecrash",
        "count": 1,
        "foil": "Y"
    },
    {
        "id": 201,
        "name": "Mountain",
        "set": "Avacyn Restored",
        "count": 1,
        "foil": "Y"
    },
    {
        "id": 99,
        "name": "Myth Realized",
        "set": "Dragons of Tarkir",
        "count": 2
    },
    {
        "id": 199,
        "name": "Necrobite",
        "set": "Avacyn Restored",
        "count": 1,
        "foil": "Y"
    },
    {
        "id": 78,
        "name": "Nivmagus Elemental",
        "set": "Return To Ravnica",
        "count": 1
    },
    {
        "id": 142,
        "name": "Ogre Slumlord",
        "set": "Gatecrash",
        "count": 1
    },
    {
        "id": 11,
        "name": "Ojutai, Soul of Winter",
        "set": "Fate Reforged",
        "count": 1
    },
    {
        "id": 104,
        "name": "Ojutai's Command",
        "set": "Dragons of Tarkir",
        "count": 1
    },
    {
        "id": 106,
        "name": "Ojutai Exemplars",
        "set": "Dragons of Tarkir",
        "count": 1
    },
    {
        "id": 141,
        "name": "Ooze Flux",
        "set": "Gatecrash",
        "count": 1
    },
    {
        "id": 194,
        "name": "Otherworld Atlas",
        "set": "Avacyn Restored",
        "count": 1
    },
    {
        "id": 29,
        "name": "Outpost Siege",
        "set": "Fate Reforged",
        "count": 1
    },
    {
        "id": 70,
        "name": "Overgrown Tomb",
        "set": "Return To Ravnica",
        "count": 1
    },
    {
        "id": 73,
        "name": "Pack Rat",
        "set": "Return To Ravnica",
        "count": 1
    },
    {
        "id": 19,
        "name": "Palace Siege",
        "set": "Fate Reforged",
        "count": 1
    },
    {
        "id": 77,
        "name": "Palisade Giant",
        "set": "Return To Ravnica",
        "count": 1
    },
    {
        "id": 200,
        "name": "Plains",
        "set": "Avacyn Restored",
        "count": 1,
        "foil": "Y"
    },
    {
        "id": 69,
        "name": "Precinct Captain",
        "set": "Return To Ravnica",
        "count": 1
    },
    {
        "id": 168,
        "name": "Primal Surge",
        "set": "Avacyn Restored",
        "count": 1
    },
    {
        "id": 131,
        "name": "Prime Speaker Zegana",
        "set": "Gatecrash",
        "count": 1
    },
    {
        "id": 114,
        "name": "Pristine Skywise",
        "set": "Dragons of Tarkir",
        "count": 1
    },
    {
        "id": 111,
        "name": "Profaner of the Dead",
        "set": "Dragons of Tarkir",
        "count": 1
    },
    {
        "id": 96,
        "name": "Profound Journey",
        "set": "Dragons of Tarkir",
        "count": 1
    },
    {
        "id": 67,
        "name": "Pyroconvergence",
        "set": "Return To Ravnica",
        "count": 1,
        "foil": "Y"
    },
    {
        "id": 88,
        "name": "Radiant Purge",
        "set": "Return To Ravnica",
        "count": 1
    },
    {
        "id": 183,
        "name": "Rain of Thorns",
        "set": "Avacyn Restored",
        "count": 1,
        "foil": "Y"
    },
    {
        "id": 48,
        "name": "Rakdos, Lord of Riots",
        "set": "Return To Ravnica",
        "count": 1
    },
    {
        "id": 25,
        "name": "Rally the Ancestors",
        "set": "Fate Reforged",
        "count": 1
    },
    {
        "id": 55,
        "name": "Rest in Peace",
        "set": "Return To Ravnica",
        "count": 1
    },
    {
        "id": 195,
        "name": "Restoration Angel",
        "set": "Avacyn Restored",
        "count": 1
    },
    {
        "id": 43,
        "name": "Righteous Authority",
        "set": "Return To Ravnica",
        "count": 1,
        "foil": "Y"
    },
    {
        "id": 44,
        "name": "Righteous Authority",
        "set": "Return To Ravnica",
        "count": 1
    },
    {
        "id": 126,
        "name": "Ripscale Predator",
        "set": "Gatecrash",
        "count": 1,
        "foil": "Y"
    },
    {
        "id": 187,
        "name": "Rite of Ruin",
        "set": "Avacyn Restored",
        "count": 1
    },
    {
        "id": 148,
        "name": "Rubblehulk",
        "set": "Gatecrash",
        "count": 1
    },
    {
        "id": 21,
        "name": "Sage-Eye Avengers",
        "set": "Fate Reforged",
        "count": 1
    },
    {
        "id": 38,
        "name": "Sandblast",
        "set": "Fate Reforged",
        "count": 1,
        "foil": "Y"
    },
    {
        "id": 2,
        "name": "Sandsteppe Mastodon",
        "set": "Fate Reforged",
        "count": 1
    },
    {
        "id": 119,
        "name": "Sarkhan Unbroken",
        "set": "Dragons of Tarkir",
        "count": 1
    },
    {
        "id": 13,
        "name": "Scroll of the Masters",
        "set": "Fate Reforged",
        "count": 1
    },
    {
        "id": 54,
        "name": "Search the City",
        "set": "Return To Ravnica",
        "count": 1
    },
    {
        "id": 118,
        "name": "Shaman of Forgotten Ways",
        "set": "Dragons of Tarkir",
        "count": 1
    },
    {
        "id": 7,
        "name": "Shu Yun, the Silent Tempest",
        "set": "Fate Reforged",
        "count": 1,
        "foil": "Y"
    },
    {
        "id": 8,
        "name": "Shu Yun, the Silent Tempest",
        "set": "Fate Reforged",
        "count": 1
    },
    {
        "id": 101,
        "name": "Sidisi, Undead Vizier",
        "set": "Dragons of Tarkir",
        "count": 1
    },
    {
        "id": 167,
        "name": "Sigarda, Host of Herons",
        "set": "Avacyn Restored",
        "count": 1
    },
    {
        "id": 33,
        "name": "Silumgar, the Drifting Death",
        "set": "Fate Reforged",
        "count": 1
    },
    {
        "id": 157,
        "name": "Simic Manipulator",
        "set": "Gatecrash",
        "count": 1
    },
    {
        "id": 150,
        "name": "Skarrg Goliath",
        "set": "Gatecrash",
        "count": 1
    },
    {
        "id": 123,
        "name": "Slate Street Ruffian",
        "set": "Gatecrash",
        "count": 1,
        "foil": "Y"
    },
    {
        "id": 124,
        "name": "Smog Elemental",
        "set": "Gatecrash",
        "count": 1,
        "foil": "Y"
    },
    {
        "id": 196,
        "name": "Soul of the Harvest",
        "set": "Avacyn Restored",
        "count": 1
    },
    {
        "id": 147,
        "name": "Soul Ransom",
        "set": "Gatecrash",
        "count": 2
    },
    {
        "id": 18,
        "name": "Soulflayer",
        "set": "Fate Reforged",
        "count": 1
    },
    {
        "id": 143,
        "name": "Spark Trooper",
        "set": "Gatecrash",
        "count": 1
    },
    {
        "id": 176,
        "name": "Spirit Away",
        "set": "Avacyn Restored",
        "count": 2
    },
    {
        "id": 58,
        "name": "Steam Vents",
        "set": "Return To Ravnica",
        "count": 1
    },
    {
        "id": 188,
        "name": "Stolen Goods",
        "set": "Avacyn Restored",
        "count": 1
    },
    {
        "id": 160,
        "name": "Stolen Identity",
        "set": "Gatecrash",
        "count": 1
    },
    {
        "id": 135,
        "name": "Stomping Ground",
        "set": "Gatecrash",
        "count": 1
    },
    {
        "id": 9,
        "name": "Supplant Form",
        "set": "Fate Reforged",
        "count": 1
    },
    {
        "id": 91,
        "name": "Surrak, the Hunt Caller",
        "set": "Dragons of Tarkir",
        "count": 1
    },
    {
        "id": 81,
        "name": "Swamp",
        "set": "Return To Ravnica",
        "count": 1,
        "foil": "Y"
    },
    {
        "id": 122,
        "name": "Swamp",
        "set": "Gatecrash",
        "count": 1,
        "foil": "Y"
    },
    {
        "id": 30,
        "name": "Tasigur, the Golden Fang",
        "set": "Fate Reforged",
        "count": 1
    },
    {
        "id": 80,
        "name": "Temple Garden",
        "set": "Return To Ravnica",
        "count": 1
    },
    {
        "id": 170,
        "name": "Temporal Mastery",
        "set": "Avacyn Restored",
        "count": 1
    },
    {
        "id": 27,
        "name": "Temur War Shaman",
        "set": "Fate Reforged",
        "count": 1
    },
    {
        "id": 180,
        "name": "Terminus",
        "set": "Avacyn Restored",
        "count": 1
    },
    {
        "id": 169,
        "name": "Tibalt, the Fiend-Blooded",
        "set": "Avacyn Restored",
        "count": 1
    },
    {
        "id": 15,
        "name": "Torrent Elemental",
        "set": "Fate Reforged",
        "count": 1
    },
    {
        "id": 71,
        "name": "Towering Indrik",
        "set": "Return To Ravnica",
        "count": 1,
        "foil": "Y"
    },
    {
        "id": 177,
        "name": "Treacherous Pit-Dweller",
        "set": "Avacyn Restored",
        "count": 1
    },
    {
        "id": 178,
        "name": "Treacherous Pit-Dweller",
        "set": "Avacyn Restored",
        "count": 1,
        "foil": "Y"
    },
    {
        "id": 144,
        "name": "Treasury Thrull",
        "set": "Gatecrash",
        "count": 1
    },
    {
        "id": 16,
        "name": "Ugin, the Spirit Dragon",
        "set": "Fate Reforged",
        "count": 1
    },
    {
        "id": 149,
        "name": "Undercity Plague",
        "set": "Gatecrash",
        "count": 1
    },
    {
        "id": 51,
        "name": "Volatile Rig",
        "set": "Return To Ravnica",
        "count": 1
    },
    {
        "id": 92,
        "name": "Volcanic Vision",
        "set": "Dragons of Tarkir",
        "count": 1
    },
    {
        "id": 3,
        "name": "Warden of the First Tree",
        "set": "Fate Reforged",
        "count": 1
    },
    {
        "id": 136,
        "name": "Watery Grave",
        "set": "Gatecrash",
        "count": 1
    },
    {
        "id": 189,
        "name": "Wolfir Silverheart",
        "set": "Avacyn Restored",
        "count": 1
    },
    {
        "id": 138,
        "name": "Wrecking Ogre",
        "set": "Gatecrash",
        "count": 1
    },
    {
        "id": 20,
        "name": "Yasova Dragonclaw",
        "set": "Fate Reforged",
        "count": 1
    },
    {
        "id": 184,
        "name": "Zealous Conscripts",
        "set": "Avacyn Restored",
        "count": 1
    }
]